1,LA PANTALLA DEL SMARTPHONE DEL FUTURO SE ARREGLARÁ SOLA,12/09/2017,Las Maldivas son uno de los paraísos del turismo, uno de esos lugares a los que todo el mundo querría escapar alguna vez. Solo hay que buscar en cualquier herramienta online fotos del lugar para...,,
2,EL HOTEL PARADISIACO DE MALDIVAS QUE SE HA LANZADO A RECUPERAR EL PLÁSTICO DEL OCÉANO,19/11/2013,Las Maldivas son uno de los paraísos del turismo, uno de esos lugares a los que todo el mundo querría escapar alguna vez. Solo hay que buscar en cualquier herramienta online fotos del lugar para...,,
3,¿QUÉ TENGO QUE ESTUDIAR SI QUIERO ESTAR MÁS CERCA DE LA NATURALEZA?,18/04/2013,Las botellas con filtro de carbono son una opción ideal para librarte de olores e impurezas a la hora de beber agua del grifo, sobre todo en lugares donde su ingesta, por la dureza y...,
4,BOTELLAS CON FILTRO DE CARBONO PARA EL AGUA: LA SALUD VA CONTIGO.,29/04/2018,Un buen propósito para empezar el año es comenzar un curso nuevo. Si tu motivación es estar más cerca de la naturaleza o hacer algo por su conservación, hay muchos programas formativos que se...,,
5,¿QUÉ NECESITAS PARA MONTAR TU HUERTO URBANO?,28/03/2014,Montar tu huerto urbano parece una tarea sencilla, pero... ¿qué necesitas exactamente para empezar a montarlo en tu propia casa?,,
6,EL COSTE MEDIOAMBIENTAL DEL COMERCIO ELECTRÓNICO,18/03/2015,El comercio electrónico se ha convertido en una parte muy importante de nuestro día a día. Cada vez compramos más online y además lo hacemos cada vez desde más lugares y desde más dispositivos....,,,
7,TOALLITAS HÚMEDAS EN EL WC: EL GRAN ENEMIGO DE NUESTRAS TUBERÍAS Y ALCANTARILLADO.,28/09/2017,Años atrás comenzó a popularizarse el uso de las denominadas toallitas húmedas que están causando verdaderos estragos allá por donde son utilizadas por los atascos que producen. Además de generar...,,,
8,EMPRESAS RESPONSABLES EN ARGENTINA,10/03/2012,Hay empresas argentinas que no paran de dar pasos en materia de sostenibilidad y medio ambiente. Es el caso de Cervecería y Maltería Quilmes, que en noviembre de 2017 ha inaugurado su primer...,,
9,EKO-REC,08/07/2012,¿Gafas de sol o ropa procedentes del mar? Esto es posible gracias a la startup EKO-REC, que lidera varios proyectos en los que se utilizan redes de pesca para crear nuevos productos.,,
10,CÓMO LA ROPA NO USADA DE H&M SE CONVIERTE EN ENERGÍA,26/08/2014,¿Qué ocurre con la ropa que las grandes cadenas de la industria de la moda producen pero que, por unas razones o por otras, no puede llegar al mercado? Por unas razones o por otras, no toda la ropa...
11,CÓMO LA INDUSTRIA DE LA MODA EN ESPAÑA SE ESTÁ VOLVIENDO SOSTENIBLE,28/03/2015,A primera vista es probable que cuando pensemos en contaminación, en experiencias poco respetuosas con el entorno o en escasa sostenibilidad, pensemos en muchos sectores y en muchas actividades...,
12,UN CIERRE DE 2017 POCO PROMETEDOR EN TÉRMINOS DE POLUCIÓN,01/03/2014,Muy pocos eran conscientes, mientras se tomaban las uvas con las que cerraban 2016 y daban la bienvenida a 2017, de que acababan de cerrar un año de cifras record en lo que a contaminación se...,
13,SUIZA PRUEBA CON LA EXTRACCIÓN DE CO2 DEL AIRE,08/06/2016,La concentración de CO2 en la atmósfera está alcanzando unos niveles muy preocupantes que ponen en riesgo el objetivo de calentamiento global establecido en las cumbres del Clima. Es necesario...,,,
14,REFORESTANDO LA AMAZONIA CON 73 MILLONES DE ÁRBOLES,29/12/2012,Es una de esas afirmaciones que se podría decir que ya son frases hechas: el Amazonas es el pulmón verde de la tierra, una de las áreas...,,
15,LA SOSTENIBILIDAD DEBE SER EL OBJETIVO FINAL DE CUALQUIER EMPRESA,04/09/2014,Nuestro mundo está cambiando muy rápidamente. Antes de 2050 más de 2.500 millones de personas vivirán en ciudades y solo con el crecimiento de la industrialización, la demanda de energía subirá un...,,
16,EL PLANETA ACABA DE BATIR EL RECORD DE CONCENTRACIÓN DE DIÓXIDO DE CARBONO EN LA ATMÓSFERA,26/07/2013,Una de esas cosas que suelen gustar a todo el mundo y que se convierten en curiosidades interesan son los records. Lograr cifras nunca conseguidas antes suele dar...,,,
17,SISTEMAS DE MOVILIDAD DE EMPRESAS,19/01/2013,Actualmente, las empresas pueden adoptar sistemas de movilidad más sostenibles facilitados por las soluciones que ofrecen startups de carsharing, motos eléctricas y otras basadas en la economía...,
18,ARGENTINA: HACIA EL COMPROMISO DEL 20% DE RENOVABLES PARA 2025,09/02/2015,Las energías renovables cuentan con un gran potencial para las inversiones en Argentina que avanza como uno de los países más atractivos de la...,,,
19,¿CUÁLES SON LOS PROTOCOLOS EN CASO DE CONTAMINACIÓN?,27/02/2018,Parece una noticia casi imposible y, sin embargo, es la que ha protagonizado los titulares en el arranque del otoño. La España Verde, el norte...
20,NORMATIVA EURO VI,05/08/2013,La contaminación atmosférica es un serio problema, que se convierte en una preocupación máxima para las autoridades de ciertas...,,
