1,ECOCLEAN,24,4854,nFE5g7GJhiAdWjGDDefQG3mkq8iU6K,CALLE AGUSTIN LARA NO. 69-B
2,ECOSER,18,3361,ZRM6irhgf3xVqWccQwwQJcdTMbyRdz,AV. INDEPENDENCIA NO. 241
3,ECOLIVE,19,6864,FpXQZJBeJ2gY5n6ep7RnuhaAekFC3C,AV. INDEPENDENCIA NO. 779
4,ECORES,7,7172,ZX2S4uNtFjGFnVMKHkjWi2ahUBVHTN,AV. 20 DE NOVIEMBRE NO.859-B
5,ECOTER,1,5895,8iZec7XvR6Ptrvfe9tfrEvhiuEfT5a,CALLE ALDAMA NO 156
6,ECOSYS.,26,5781,BMej6Rk7iwdQKSzFFeTBgwKW5BrqQ5,AV. 20 DE NOVIEMBRE NO. 1178
7,CHATMANIA,18,3674,5XHmhfRnmFC2vMCQYB3Sj3qPagw5ej,MATAMOROS NO 85 ESQ. 20 DE NOVIEMBRE
8,CORRESPONDENCIAS ESCOLARES,13,3333,5yeDW8UK7UCAbfZLzMrwnmBjLwhq8P,CALLE ALDAMA NO 156
9,CONCURSO DE WEBSITES,3,4675,fJZV2hNzB842ZYV3FNkFVC2GkKE3qE,AV. 5 NO. 1186 A
10,HOT SPOT VERDE,7,5253,Tyq3EXrNr8BJZjYBfYak44XmPu49AV,CALLE OCAMPO NO. 231
11,NOVELA INTERACTIVA,9,5565,Z5C8cTmvGTnjBmnEavDmCxtSMDPJDN,INDEPENDENCIA NO. 569 B
12,COPYLEFT_ATTITUDE,24,6964,Pc8kaqTpSRXAFnhLMQWyaLHKhyPRJe,BULEVAR No810
13,VIAJE VIRTUAL POR EL MUNDO,20,3161,KDSEXgcVEqFzrShzGCD2vZHMLxrd3n,LIBERTAD NO. 1046
14,ACERCARSE…,32,6347,NR6TYRQxWNUFkrjh9AQW4G7YcLx6nG,LAZARO CARDENAS NO.195
15,BÚSQUEDA DEL TESORO,7,4780,GaQnXzdLyXFKpWnPDjtGi75K4Gu4vv,BENITO JUAREZ NO 568
16,INCENTIVOS FISCALES,2,4283,ZpDEGzAekvm4tNp27pwcrecidawdEf,AV. JESUS CARRANZA NO.765
17,ASESORAMIENTO,17,3400,vYWtNCtrhL67bf7Ay8XBc4GHzekuZF,MATAMOROS 127
18,LA VUELTA A INTERNET EN 4 DÍAS,26,4115,iHkRTdt9WktFR47eLnwLykC4KfYLQG,AV. INDEPENDENCIA NO. 1029
19,TRAE UN AMIGO NO CONECTADO,32,3432,YefcPr6KXKCDnZ8vQFdNnS6AkrNRQD,AV. MANCILLA ESQ. ALDAMA S/N.
20,ACCIONES PROMOCIÓNALES,10,4966,eX6qub5cXXvzgb6dpTuB2NVN42fFH8,LIBERTAD 1024
21,EL MOVIMIENTO COCA-COLA,28,3277,mJ2uCztqY7ME3hcLZc7QBVahh8BHxP,CENTRO PINERO
22,FINANCIACIÓN ESPECIAL,3,3404,Ww95ePjHDRQQArxtQrSxCxPZ5VUb9Z,ADOLFO LOPEZ MATEOS NO 25
23,INFANCIA Y JUVENTUD,21,4714,4q9Bc9tewwDaaVrZHHZwp42qt6HGP5,INDEPENDENCIA NO 6
24,MIRAR AL CRUZAR LA CALLE,12,5727,UdZPXw9AzGkkge2B6fJ8TGqVirVgwF,AV. LIBERTAD NO 1294
25,JORNADA E-PUERTAS ABIERTAS,32,6068,ZNghDKP2ircd7ZJYVBYyXVnLRifpD6,CALLE MATAMOROS NO. 40
