AAGA631005CTA,Aerovías de México S.A de C.V,19,7146,/logos/1.png
AAOC6707165W5,WAL-MART DE MÉXICO S.A.B. DE C.V.,19,2906,/logos/2.png
AOCT760409D30,Gas Natural México S. A. de C. V.,9,5518,/logos/3.png
AUSN6409083P3,Comercializadora Metrogas S. A. de C. V,18,3321,/logos/4.png
CAGJ680431787,Computing and Printing México S. de R.L. de C.V,21,4878,/logos/5.png
CAMC840419KF7,LATAM Airlines Group S.A. ,19,5436,/logos/6.png
CASJ830601NS7,Mabe S.A. de C.V.,32,3192,/logos/7.png
CUDE700820P27,Leiser S. de R.L. de C.V,32,7167,/logos/8.png
DEBG700510MK3,Deremate.Com de México S. de R.L. de C.V.,3,3728,/logos/9.png
EISH580111FL9,Tractebel DGJ S.A. de C.V.,5,4146,/logos/10.png
GOMO6005084U9,Natgasmex S.A. de C.V.,16,5583,/logos/11.png
GULB820902R5A,Mercadolibre S. de R.L. de C.V.,4,7151,/logos/12.png
LOLN720902VC3,Viveica Construcción y Desarrollo S.A. de C.V,23,3237,/logos/13.png
MAGE750817646,Viveica S.A. de C.V,16,4204,/logos/14.png
MAMX780102TN0,Trans American Airlines S.A.,8,4979,/logos/15.png
MASL7408081R1,Nueva Walmart de México S. de R.L. de C.V,9,3868,/logos/16.png
MOBP88120292A,Suburbia S. de R.L. de C.V,10,2784,/logos/17.png
MOLE6009226I7,Operadora Vips S. de R.L. de C.V.,15,4844,/logos/18.png
OAVM730208D52,Coppel S.A. de C.V.,7,4751,/logos/19.png
PACA631101FA9,Enlaces Terrestres Nacionales S.A. de C.V,9,6216,/logos/20.png
PASJ660308IE9,Alaska Airlines INC. ,5,6520,/logos/21.png
PEGF630518KC6,Autobuses de la Piedad S.A. de C.V.,25,6991,/logos/22.png
PEGR620311G98,Sago Electronics S.A. de C.V.,20,4677,/logos/23.png
RATL621008LC1,Radio Shack de México S.A. de C.V.,18,5900,/logos/24.png
PEGR620211G98,Home Depot México S. de R.L. de C.V,21,5700,/logos/25.png
