1,nUser,25/02/2011 01:28,29/10/2014 03:13,El caballero de la armadura oxidada ,Lorem ipsum dolor sit amet consectetuer,/post1
2,Angeie,27/01/2012 13:26,25/08/2014 21:26,El coronel no tiene quien le escriba ,Sed ut perspiciatis unde omnis iste natus error sit,/post2
3,Faair,18/07/2011 07:29,28/05/2016 20:03,Caballo de troya 1 ,Li Europan lingues es membres del sam familie. Lor separat existentie,/post3
4,Misnove,05/02/2005 03:20,10/05/2016 09:10,El diario de ana frank ,Muy lejos más allá de las montañas de palabras alejados de los países,/post4
5,JRyno,18/06/2008 17:37,29/01/2013 14:11,La vuelta al mundo en 80 dias ,Y viéndole don Quijote de aquella manera con muestras de tanta,/post5
6,SgtPepper,12/11/2006 16:35,30/07/2014 04:46,El principe ,Reina en mi espíritu una alegría admirable muy parecida a las dulcesa,/post6
7,TrassyLiv,14/02/2007 00:47,04/07/2013 02:12,El amor en tiempos del colera ,Una mañana tras un sueño intranquilo Gregorio,/post7
8,Winler,09/08/2011 13:15,27/08/2015 18:25,El retrato de dorian gray ,Quiere la boca exhausta vid kiwi piña y fugaz jamón. Fabio me exige sin tapujo,/post8
9,Twile,27/02/2008 00:12,01/12/2015 10:08,Azteca,Lorem ipsum dolor sit amet consectetuer adipiscing elit. Aenean commodo,/post9
10,None,14/08/2006 22:14,16/12/2017 21:01,La odisea,Sed ut perspiciatis unde omnis iste natus error sit voluptatem accusantium,/post10
11,Sanirl,02/03/2012 09:13,01/10/2014 06:52,Rebelión en la granja George Orwell ,Li Europan lingues es membres del sam familie. Lor separat existentie es un myth,/post11
12,paigum,09/12/2007 09:26,05/07/2014 00:50,Un mundo feliz Aldous Huxley ,Muy lejos más allá de las montañas de palabras alejados de los países,/post12
13,Pead,23/07/2005 18:30,16/01/2013 02:17,Mañana en la batalla piensa en mí Javier Marías ,Y viéndole don Quijote de aquella manera con muestras de tanta tristeza le dijo,/post13
14,Felora,26/10/2008 23:57,21/04/2012 09:46,El corazón helado Almudena Grandes ,Reina en mi espíritu una alegría admirable muy parecida a las dulces alboradas de la primavera de que gozo aquí con delicia.,/post14
15,Sugae,26/04/2009 13:43,22/06/2014 20:27,Crimen y castigo Fiedor Dostoyevski ,Una mañana tras un sueño intranquilo Gregorio Samsa se despertó convertido en un monstruoso,/post15
16,Whiorm,05/02/2005 12:39,16/10/2017 17:53,La ciudad de los prodigios Eduardo Mendoza ,Quiere la boca exhausta vid kiwi piña y fugaz jamón. Fabio me exige sin tapujos,/post16
17,Yorist,14/12/2008 12:25,28/12/2012 03:51,La conjura de los necios John Kenndy Toole ,Lorem ipsum dolor sit amet consectetuer adipiscing elit.,/post17
18,Colly,07/10/2008 02:12,03/10/2016 15:55,Muerte de un viajante Arthur Miller ,Sed ut perspiciatis unde omnis iste natus error sit voluptatem,/post18
19,Awauty,01/10/2009 08:48,17/03/2017 23:08,La vida es sueño Calderón de la Barca ,Li Europan lingues es membres del sam familie. Lor separat existentie es un myth.,/post19
20,Foxy,04/03/2007 17:05,29/10/2016 21:24,El proceso Franz Kafka ,Muy lejos más allá de las montañas de palabras,/post20
21,Anakes,17/02/2011 11:31,16/11/2012 03:28,"""Jane Eyre"" de Charlotte Bronte ",Y viéndole don Quijote de aquella manera con muestras de tanta tristeza,/post21
22,zinderly,06/03/2010 13:15,08/03/2016 09:42,"""Lo que el viento se llevó"" de Margaret Mitchell ",Reina en mi espíritu una alegría admirable muy parecida a las dulces alboradas de la primavera,/post22
23,mrer,15/09/2011 14:15,04/01/2016 09:29,"""Orgullo y prejuicio"" de Jane Austen ",Una mañana tras un sueño intranquilo Gregorio Samsa se despertó convertid,/post23
24,Daise,19/01/2008 05:59,05/02/2014 09:35,"""El árabe"" de E. M. Hull ", El cadáver de Wamba rey godo de España fue exhumado y trasladado ,/post24
25,Sille,27/01/2009 02:32,27/12/2015 15:44,"""Cartas de una desconocida"" de Stefan Zweig ",Una mañana tras un sueño intranquilo Gregorio Samsa se despertó convertido en,/post25
